{
    "animation": [
        {
            "name": "Root",
            "time": [0.5, 0.6667, 0.0, 0.75],
            "transform": [
                [1.0, 0.0, 0.0, -5e-06, 0.0, 0.0, -1.0, 0.000946, 0.0, 1.0, 0.0, 0.763972, 0.0, 0.0, 0.0, 1.0],
                [1.0, 0.0, 0.0, -5e-06, 0.0, 0.0, -1.0, 0.000946, 0.0, 1.0, 0.0, 0.763972, 0.0, 0.0, 0.0, 1.0],
                [1.0, 0.0, 0.0, -5e-06, 0.0, 0.0, -1.0, 0.000946, 0.0, 1.0, 0.0, 0.763972, 0.0, 0.0, 0.0, 1.0],
                [1.0, 0.0, 0.0, -5e-06, 0.0, 0.0, -1.0, 0.000946, 0.0, 1.0, 0.0, 0.763972, 0.0, 0.0, 0.0, 1.0]
            ]
        },
        {
            "name": "Thigh_R",
            "time": [0.0, 0.5, 0.6667, 0.75],
            "transform": [
                [0.719682, 0.496392, 0.48544, 0.124994, 0.210241, -0.822154, 0.529018, -0.002831, 0.661707, -0.278664, -0.696053, -1.2e-05, 0.0, 0.0, 0.0, 1.0],
                [0.719682, 0.496392, 0.48544, 0.124994, 0.210241, -0.822154, 0.529018, -0.002831, 0.661707, -0.278664, -0.696053, -1.2e-05, 0.0, 0.0, 0.0, 1.0],
                [0.719682, 0.496392, 0.48544, 0.124994, 0.210241, -0.822154, 0.529018, -0.002831, 0.661707, -0.278664, -0.696053, -1.2e-05, 0.0, 0.0, 0.0, 1.0],
                [0.719682, 0.496392, 0.48544, 0.124994, 0.210241, -0.822154, 0.529018, -0.002831, 0.661707, -0.278664, -0.696053, -1.2e-05, 0.0, 0.0, 0.0, 1.0]
            ]
        },
        {
            "name": "Leg_R",
            "time": [0.0, 0.5, 0.6667, 0.75],
            "transform": [
                [1.0, -0.0, 1e-06, -0.0, -0.0, 0.953785, 0.300493, 0.37472, -1e-06, -0.300493, 0.953783, 0.0, 0.0, 0.0, 0.0, 1.0],
                [1.0, -0.0, 1e-06, -0.0, -0.0, 0.862475, 0.5061, 0.37472, -1e-06, -0.506101, 0.862474, 0.0, 0.0, 0.0, 0.0, 1.0],
                [1.0, -0.0, 1e-06, -0.0, -0.0, 0.862475, 0.5061, 0.37472, -1e-06, -0.506101, 0.862474, 0.0, 0.0, 0.0, 0.0, 1.0],
                [1.0, -0.0, 1e-06, -0.0, -0.0, 0.862475, 0.5061, 0.37472, -1e-06, -0.506101, 0.862474, 0.0, 0.0, 0.0, 0.0, 1.0]
            ]
        },
        {
            "name": "Knee_R",
            "time": [0.5, 0.6667, 0.0, 0.75],
            "transform": [
                [1.0, -0.0, -0.0, -0.0, -0.0, 1e-06, -1.0, 0.37472, -0.0, 1.0, 1e-06, 0.0, 0.0, 0.0, 0.0, 1.0],
                [1.0, -0.0, -0.0, -0.0, -0.0, 1e-06, -1.0, 0.375462, -0.0, 1.0, 1e-06, 0.0, 0.0, 0.0, 0.0, 1.0],
                [1.0, -0.0, -0.0, -0.0, -0.0, 1e-06, -1.0, 0.375462, -0.0, 1.0, 1e-06, 0.0, 0.0, 0.0, 0.0, 1.0],
                [1.0, -0.0, -0.0, -0.0, -0.0, 1e-06, -1.0, 0.375462, -0.0, 1.0, 1e-06, 0.0, 0.0, 0.0, 0.0, 1.0]
            ]
        },
        {
            "name": "Thigh_L",
            "time": [0.0, 0.5, 0.6667, 0.75],
            "transform": [
                [0.719681, -0.496393, -0.48544, -0.125006, -0.210241, -0.822154, 0.529017, -0.002831, -0.661707, -0.278664, -0.696053, -1.2e-05, 0.0, 0.0, 0.0, 1.0],
                [0.719681, -0.496393, -0.48544, -0.125006, -0.210241, -0.822154, 0.529017, -0.002831, -0.661707, -0.278664, -0.696053, -1.2e-05, 0.0, 0.0, 0.0, 1.0],
                [0.719681, -0.496393, -0.48544, -0.125006, -0.210241, -0.822154, 0.529017, -0.002831, -0.661707, -0.278664, -0.696053, -1.2e-05, 0.0, 0.0, 0.0, 1.0],
                [0.719681, -0.496393, -0.48544, -0.125006, -0.210241, -0.822154, 0.529017, -0.002831, -0.661707, -0.278664, -0.696053, -1.2e-05, 0.0, 0.0, 0.0, 1.0]
            ]
        },
        {
            "name": "Leg_L",
            "time": [0.0, 0.5, 0.6667, 0.75],
            "transform": [
                [1.0, 0.0, 1e-06, 0.0, -0.0, 0.953785, 0.300493, 0.37472, -1e-06, -0.300493, 0.953784, 0.0, 0.0, 0.0, 0.0, 1.0],
                [1.0, -0.0, 1e-06, 0.0, -0.0, 0.862475, 0.5061, 0.37472, -1e-06, -0.506101, 0.862474, 0.0, 0.0, 0.0, 0.0, 1.0],
                [1.0, -0.0, 1e-06, 0.0, -0.0, 0.862475, 0.5061, 0.37472, -1e-06, -0.506101, 0.862474, 0.0, 0.0, 0.0, 0.0, 1.0],
                [1.0, -0.0, 1e-06, 0.0, -0.0, 0.862475, 0.5061, 0.37472, -1e-06, -0.506101, 0.862474, 0.0, 0.0, 0.0, 0.0, 1.0]
            ]
        },
        {
            "name": "Knee_L",
            "time": [0.5, 0.6667, 0.0, 0.75],
            "transform": [
                [1.0, 0.0, -0.0, 0.0, -0.0, 1e-06, -1.0, 0.37472, -0.0, 1.0, 1e-06, 0.0, 0.0, 0.0, 0.0, 1.0],
                [1.0, 0.0, -0.0, 0.0, -0.0, 1e-06, -1.0, 0.375462, -0.0, 1.0, 1e-06, 0.0, 0.0, 0.0, 0.0, 1.0],
                [1.0, 0.0, -0.0, 0.0, -0.0, 1e-06, -1.0, 0.375462, -0.0, 1.0, 1e-06, 0.0, 0.0, 0.0, 0.0, 1.0],
                [1.0, 0.0, -0.0, 0.0, -0.0, 1e-06, -1.0, 0.375462, -0.0, 1.0, 1e-06, 0.0, 0.0, 0.0, 0.0, 1.0]
            ]
        },
        {
            "name": "Torso",
            "time": [0.5, 0.6667, 0.0, 0.75],
            "transform": [
                [1.0, 0.0, 0.0, 0.0, 0.0, 1.0, 0.0, 0.05, 0.0, 0.0, 1.0, 0.0, 0.0, 0.0, 0.0, 1.0],
                [1.0, 0.0, 0.0, 0.0, 0.0, 1.0, 0.0, 0.05, 0.0, 0.0, 1.0, 0.0, 0.0, 0.0, 0.0, 1.0],
                [1.0, 0.0, 0.0, 0.0, 0.0, 1.0, 0.0, 0.05, 0.0, 0.0, 1.0, 0.0, 0.0, 0.0, 0.0, 1.0],
                [1.0, 0.0, 0.0, 0.0, 0.0, 1.0, 0.0, 0.05, 0.0, 0.0, 1.0, 0.0, 0.0, 0.0, 0.0, 1.0]
            ]
        },
        {
            "name": "Chest",
            "time": [0.0, 0.5, 0.6667, 0.75],
            "transform": [
                [1.0, 0.0, 0.0, 0.0, 0.0, 0.94478, -0.327705, 0.3, 0.0, 0.327705, 0.94478, 0.0, 0.0, 0.0, 0.0, 1.0],
                [1.0, 0.0, 0.0, 0.0, 0.0, 0.913377, 0.407115, 0.3, 0.0, -0.407115, 0.913377, 0.0, 0.0, 0.0, 0.0, 1.0],
                [1.0, 0.0, 0.0, 0.0, 0.0, 0.913377, 0.407115, 0.3, 0.0, -0.407115, 0.913377, 0.0, 0.0, 0.0, 0.0, 1.0],
                [1.0, 0.0, 0.0, 0.0, 0.0, 0.913377, 0.407115, 0.3, 0.0, -0.407115, 0.913377, 0.0, 0.0, 0.0, 0.0, 1.0]
            ]
        },
        {
            "name": "Head",
            "time": [0.0, 0.25, 0.5, 0.6667, 0.75],
            "transform": [
                [1.0, 0.0, 0.0, 0.0, 0.0, 0.856076, -0.516849, 0.4, 0.0, 0.516849, 0.856076, 0.0, 0.0, 0.0, 0.0, 1.0],
                [1.0, 0.0, 0.0, 0.0, 0.0, 0.446401, 0.894833, 0.4, 0.0, -0.894833, 0.446401, -0.0, 0.0, 0.0, 0.0, 1.0],
                [1.0, 0.0, 0.0, 0.0, 0.0, 0.795997, 0.605301, 0.4, 0.0, -0.605301, 0.795997, 0.0, 0.0, 0.0, 0.0, 1.0],
                [1.0, 0.0, 0.0, 0.0, 0.0, 0.92816, -0.372182, 0.4, 0.0, 0.372182, 0.92816, 0.0, 0.0, 0.0, 0.0, 1.0],
                [1.0, 0.0, 0.0, 0.0, 0.0, 0.92816, -0.372182, 0.4, 0.0, 0.372182, 0.92816, 0.0, 0.0, 0.0, 0.0, 1.0]
            ]
        },
        {
            "name": "Shoulder_R",
            "time": [0.5, 0.6667, 0.0, 0.75],
            "transform": [
                [0.0, 0.952114, 0.305743, 0.0, 0.0, -0.305743, 0.952114, 0.4, 1.0, 0.0, -0.0, 0.0, 0.0, 0.0, 0.0, 1.0],
                [0.0, 0.952114, 0.305743, 0.0, 0.0, -0.305743, 0.952114, 0.4, 1.0, 0.0, -0.0, 0.0, 0.0, 0.0, 0.0, 1.0],
                [0.0, 0.952114, 0.305743, 0.0, 0.0, -0.305743, 0.952114, 0.4, 1.0, 0.0, -0.0, 0.0, 0.0, 0.0, 0.0, 1.0],
                [0.0, 0.952114, 0.305743, 0.0, 0.0, -0.305743, 0.952114, 0.4, 1.0, 0.0, -0.0, 0.0, 0.0, 0.0, 0.0, 1.0]
            ]
        },
        {
            "name": "Arm_R",
            "time": [0.0, 0.0833, 0.1, 0.4167, 0.5, 0.6667, 0.75],