{
    "animation": [
        {
            "name": "Root",
            "time": [0.0, 0.2083, 0.7083, 1.6667],
            "transform": [
                [1.0, 0.0, 0.0, -5e-06, 0.0, 0.0, -1.0, 0.000946, 0.0, 1.0, 0.0, 0.763972, 0.0, 0.0, 0.0, 1.0],
                [1.0, 0.0, 0.0, -5e-06, 0.0, 0.0, -1.0, 0.000946, 0.0, 1.0, 0.0, 0.798584, 0.0, 0.0, 0.0, 1.0],
                [1.0, 0.0, 0.0, -5e-06, 0.0, 0.0, -1.0, 0.000946, 0.0, 1.0, 0.0, 0.723591, 0.0, 0.0, 0.0, 1.0],
                [1.0, 0.0, 0.0, -5e-06, 0.0, 0.0, -1.0, 0.000946, 0.0, 1.0, 0.0, 0.763972, 0.0, 0.0, 0.0, 1.0]
            ]
        },
        {
            "name": "Thigh_R",
            "time": [0.0, 0.2083, 0.25, 0.2917, 0.3333, 0.375, 0.7083, 1.375, 1.6667],
            "transform": [
                [0.725117, 0.236463, 0.646753, 0.124994, 0.336565, -0.94107, -0.033274, -0.002831, 0.600773, 0.241802, -0.761974, 0.089933, 0.0, 0.0, 0.0, 1.0],
                [0.725117, 0.236463, 0.646753, 0.124994, 0.286426, -0.957661, 0.029006, -0.002831, 0.62623, 0.164215, -0.762148, 0.089933, 0.0, 0.0, 0.0, 1.0],
                [0.725117, 0.236463, 0.646753, 0.124994, 0.188706, -0.971473, 0.143616, -0.002831, 0.662264, 0.017908, -0.749056, 0.089933, 0.0, 0.0, 0.0, 1.0],
                [0.725117, 0.236463, 0.646753, 0.124994, 0.108162, -0.966645, 0.232154, -0.002831, 0.680077, -0.098384, -0.726509, 0.089933, 0.0, 0.0, 0.0, 1.0],
                [0.725118, 0.236462, 0.646753, 0.124994, 0.074214, -0.960557, 0.267989, -0.002831, 0.684614, -0.146325, -0.714068, 0.089933, 0.0, 0.0, 0.0, 1.0],
                [0.725134, 0.236453, 0.646738, 0.124994, -0.077958, -0.904967, 0.418274, -0.002831, 0.68418, -0.353722, -0.637792, 0.089933, 0.0, 0.0, 0.0, 1.0],
                [0.725117, 0.236463, 0.646753, 0.124994, 0.023566, -0.947164, 0.319878, -0.002831, 0.688221, -0.216707, -0.692379, 0.089933, 0.0, 0.0, 0.0, 1.0],
                [0.725118, 0.236462, 0.646753, 0.124994, 0.165725, -0.971512, 0.169396, -0.002831, 0.668386, -0.015649, -0.74365, 0.089933, 0.0, 0.0, 0.0, 1.0],
                [0.725117, 0.236463, 0.646753, 0.124994, 0.336565, -0.94107, -0.033274, -0.002831, 0.600773, 0.241802, -0.761974, 0.089933, 0.0, 0.0, 0.0, 1.0]
            ]
        },
        {
            "name": "Leg_R",
            "time": [0.0, 0.2083, 0.7083, 1.6667],
            "transform": [
                [1.0, 0.0, 1e-06, 0.0, -0.0, 0.983209, 0.182489, 0.37472, -1e-06, -0.182489, 0.983207, 0.0, 0.0, 0.0, 0.0, 1.0],
                [1.0, -0.0, 1e-06, -0.0, -0.0, 0.798649, 0.601797, 0.37472, -1e-06, -0.601798, 0.798648, -0.0, 0.0, 0.0, 0.0, 1.0],
                [1.0, 0.0, 1e-06, -0.0, -0.0, 0.980456, 0.196745, 0.37472, -1e-06, -0.196745, 0.980454, -0.0, 0.0, 0.0, 0.0, 1.0],
                [1.0, 0.0, 1e-06, 0.0, -0.0, 0.983209, 0.182489, 0.37472, -1e-06, -0.182489, 0.983207, 0.0, 0.0, 0.0, 0.0, 1.0]
            ]
        },
        {
            "name": "Knee_R",
            "time": [0.0, 0.2083, 0.7083, 1.6667],
            "transform": [
                [1.0, 0.0, -0.0, 0.0, -0.0, 1e-06, -1.0, 0.37472, -0.0, 1.0, 1e-06, 0.0, 0.0, 0.0, 0.0, 1.0],
                [1.0, -0.0, -0.0, 0.0, -0.0, 1e-06, -1.0, 0.387551, -0.0, 1.0, 1e-06, 0.0, 0.0, 0.0, 0.0, 1.0],
                [1.0, 0.0, -0.0, -0.0, -0.0, 1e-06, -1.0, 0.37472, -0.0, 1.0, 1e-06, -0.0, 0.0, 0.0, 0.0, 1.0],
                [1.0, 0.0, -0.0, 0.0, -0.0, 1e-06, -1.0, 0.37472, -0.0, 1.0, 1e-06, 0.0, 0.0, 0.0, 0.0, 1.0]
            ]
        },
        {
            "name": "Thigh_L",
            "time": [0.0, 0.2083, 0.3333, 0.375, 0.7083, 0.7917, 0.9583, 1.1667, 1.6667],
            "transform": [
                [0.966843, -0.145234, -0.210048, -0.125006, 0.0, -0.822529, 0.568722, -0.002831, -0.255369, -0.549865, -0.795257, -1.2e-05, 0.0, 0.0, 0.0, 1.0],
                [0.966843, -0.145234, -0.210049, -0.125006, -0.045043, -0.906619, 0.419536, -0.002831, -0.251365, -0.396164, -0.883102, -1.2e-05, 0.0, 0.0, 0.0, 1.0],
                [0.966843, -0.145234, -0.210049, -0.125006, -0.073193, -0.945621, 0.316926, -0.002831, -0.244655, -0.291043, -0.924898, -1.2e-05, 0.0, 0.0, 0.0, 1.0],
                [0.966843, -0.145234, -0.210049, -0.125006, -0.100325, -0.972417, 0.210568, -0.002831, -0.234837, -0.182513, -0.954746, -1.2e-05, 0.0, 0.0, 0.0, 1.0],
                [0.966843, -0.145234, -0.210048, -0.125006, -0.047574, -0.910567, 0.410612, -0.002831, -0.250898, -0.387005, -0.887286, -1.2e-05, 0.0, 0.0, 0.0, 1.0],
                [0.966843, -0.145234, -0.210048, -0.125006, -0.016603, -0.856538, 0.515815, -0.002831, -0.254829, -0.495224, -0.830551, -1.2e-05, 0.0, 0.0, 0.0, 1.0],
                [0.966843, -0.145234, -0.210049, -0.125006, -0.041249, -0.900547, 0.432796, -0.002831, -0.252015, -0.409781, -0.876679, -1.2e-05, 0.0, 0.0, 0.0, 1.0],
                [0.966843, -0.145234, -0.210049, -0.125006, -0.089012, -0.962606, 0.255859, -0.002831, -0.239354, -0.228678, -0.943618, -1.2e-05, 0.0, 0.0, 0.0, 1.0],
                [0.966843, -0.145234, -0.210048, -0.125006, 0.0, -0.822529, 0.568722, -0.002831, -0.255369, -0.549865, -0.795257, -1.2e-05, 0.0, 0.0, 0.0, 1.0]
            ]
        },
        {
            "name": "Leg_L",
            "time": [0.0, 0.2083, 0.25, 0.3333, 0.7083, 1.6667],
            "transform": [
                [1.0, -0.0, 1e-06, -0.0, -0.0, 0.797541, 0.603265, 0.37472, -1e-06, -0.603264, 0.797542, -0.0, 0.0, 0.0, 0.0, 1.0],
                [1.0, -0.0, 1e-06, -0.0, -0.0, 0.573871, 0.818946, 0.37472, -1e-06, -0.818945, 0.573872, 0.0, 0.0, 0.0, 0.0, 1.0],
                [1.0, -0.0, 1e-06, 0.0, -0.0, 0.642388, 0.76638, 0.37472, -1e-06, -0.766379, 0.642388, -0.0, 0.0, 0.0, 0.0, 1.0],
                [1.0, -0.0, 1e-06, 0.0, -0.0, 0.866892, 0.498497, 0.37472, -1e-06, -0.498496, 0.866892, 0.0, 0.0, 0.0, 0.0, 1.0],
                [1.0, 0.0, 1e-06, -0.0, -0.0, 0.966549, 0.256481, 0.37472, -1e-06, -0.256481, 0.96655, 0.0, 0.0, 0.0, 0.0, 1.0],
                [1.0, -0.0, 1e-06, -0.0, -0.0, 0.797541, 0.603265, 0.37472, -1e-06, -0.603264, 0.797542, -0.0, 0.0, 0.0, 0.0, 1.0]
            ]
        },
        {
            "name": "Knee_L",
            "time": [0.0, 0.2083, 0.7083, 1.6667],
            "transform": [
                [1.0, 0.0, -0.0, -0.0, -0.0, 1e-06, -1.0, 0.387744, -0.0, 1.0, 1e-06, -0.0, 0.0, 0.0, 0.0, 1.0],
                [1.0, 0.0, -0.0, -0.0, -0.0, 1e-06, -1.0, 0.420516, -0.0, 1.0, 1e-06, -0.0, 0.0, 0.0, 0.0, 1.0],
                [1.0, 0.0, -0.0, -0.0, -0.0, 1e-06, -1.0, 0.37472, -0.0, 1.0, 1e-06, 0.0, 0.0, 0.0, 0.0, 1.0],
                [1.0, 0.0, -0.0, -0.0, -0.0, 1e-06, -1.0, 0.387744, -0.0, 1.0, 1e-06, -0.0, 0.0, 0.0, 0.0, 1.0]
            ]
        },
        {
            "name": "Torso",
            "time": [0.0, 0.2083, 0.7083, 1.6667],
            "transform": [
                [0.661801, 0.0, -0.749679, 0.0, 0.0, 1.0, 0.0, 0.05, 0.749679, 0.0, 0.661801, 0.0, 0.0, 0.0, 0.0, 1.0],
                [0.661801, 0.0, -0.749679, 0.0, 0.050616, 0.997718, 0.044682, 0.05, 0.747969, -0.067516, 0.660291, 0.0, 0.0, 0.0, 0.0, 1.0],
                [0.661801, 0.0, -0.749679, 0.0, 0.050616, 0.997718, 0.044682, 0.05, 0.747969, -0.067516, 0.660291, 0.0, 0.0, 0.0, 0.0, 1.0],
                [0.661801, 0.0, -0.749679, 0.0, 0.0, 1.0, 0.0, 0.05, 0.749679, 0.0, 0.661801, 0.0, 0.0, 0.0, 0.0, 1.0]
            ]
        },
        {
            "name": "Chest",
            "time": [0.0, 0.2083, 0.4583, 0.7083, 1.6667],