{
    "animation": [
        {
            "name": "Root",
            "time": [0.0, 1.0417, 5.0],
            "transform": [
                [1.0, 0.0, 0.0, -5e-06, 0.0, 0.0, -1.0, 0.000946, 0.0, 1.0, 0.0, 0.727917, 0.0, 0.0, 0.0, 1.0],
                [1.0, 0.0, 0.0, -5e-06, 0.0, 0.0, -1.0, 0.000946, 0.0, 1.0, 0.0, 0.728462, 0.0, 0.0, 0.0, 1.0],
                [1.0, 0.0, 0.0, -5e-06, 0.0, 0.0, -1.0, 0.000946, 0.0, 1.0, 0.0, 0.727917, 0.0, 0.0, 0.0, 1.0]
            ]
        },
        {
            "name": "Thigh_R",
            "time": [0.0, 2.0417, 3.875, 4.5833, 5.0],
            "transform": [
                [0.808482, 0.27702, -0.519246, 0.124994, -0.0, -0.882289, -0.470707, -0.002831, -0.588521, 0.380558, -0.713316, -1.2e-05, 0.0, 0.0, 0.0, 1.0],
                [0.808482, 0.188492, -0.557519, 0.124994, -0.0, -0.947322, -0.320281, -0.002831, -0.588521, 0.258941, -0.765894, -1.2e-05, 0.0, 0.0, 0.0, 1.0],
                [0.808482, 0.051072, -0.5863, 0.124994, -0.0, -0.996227, -0.086781, -0.002831, -0.588521, 0.070161, -0.805432, -1.2e-05, 0.0, 0.0, 0.0, 1.0],
                [0.808482, 0.032416, -0.587627, 0.124994, -0.0, -0.998482, -0.055082, -0.002831, -0.588521, 0.044533, -0.807255, -1.2e-05, 0.0, 0.0, 0.0, 1.0],
                [0.808482, 0.27702, -0.519246, 0.124994, -0.0, -0.882289, -0.470707, -0.002831, -0.588521, 0.380558, -0.713316, -1.2e-05, 0.0, 0.0, 0.0, 1.0]
            ]
        },
        {
            "name": "Leg_R",
            "time": [0.0, 2.0417, 3.875, 4.375, 4.5833, 5.0],
            "transform": [
                [1.0, 0.0, 1e-06, 0.0, -0.0, 0.997809, 0.06617, 0.37472, -1e-06, -0.06617, 0.997808, -0.0, 0.0, 0.0, 0.0, 1.0],
                [1.0, 0.0, 1e-06, 0.0, -0.0, 0.954683, 0.297624, 0.37472, -1e-06, -0.297624, 0.954683, 0.0, 0.0, 0.0, 0.0, 1.0],
                [1.0, 0.0, 1e-06, -0.0, -0.0, 0.878818, 0.477156, 0.37472, -1e-06, -0.477156, 0.878818, -0.0, 0.0, 0.0, 0.0, 1.0],
                [1.0, 0.0, 1e-06, 0.0, -0.0, 0.96046, 0.278418, 0.37472, -1e-06, -0.278418, 0.96046, 0.0, 0.0, 0.0, 0.0, 1.0],
                [1.0, -0.0, 1e-06, 0.0, -0.0, 0.802403, 0.596783, 0.37472, -1e-06, -0.596783, 0.802403, 0.0, 0.0, 0.0, 0.0, 1.0],
                [1.0, 0.0, 1e-06, 0.0, -0.0, 0.997809, 0.06617, 0.37472, -1e-06, -0.06617, 0.997808, -0.0, 0.0, 0.0, 0.0, 1.0]
            ]
        },
        {
            "name": "Knee_R",
            "time": [0.0, 5.0],
            "transform": [
                [1.0, 0.0, -0.0, -0.0, -0.0, 0.0, -1.0, 0.37472, -0.0, 1.0, 0.0, 0.0, 0.0, 0.0, 0.0, 1.0],
                [1.0, 0.0, -0.0, -0.0, -0.0, 0.0, -1.0, 0.37472, -0.0, 1.0, 0.0, 0.0, 0.0, 0.0, 0.0, 1.0]
            ]
        },
        {
            "name": "Thigh_L",
            "time": [0.0, 5.0],
            "transform": [
                [0.655034, -0.363162, -0.662604, -0.125006, -0.0, -0.876925, 0.480628, -0.002831, -0.755599, -0.314828, -0.574416, -1.2e-05, 0.0, 0.0, 0.0, 1.0],
                [0.655034, -0.363162, -0.662604, -0.125006, -0.0, -0.876925, 0.480628, -0.002831, -0.755599, -0.314828, -0.574416, -1.2e-05, 0.0, 0.0, 0.0, 1.0]
            ]
        },
        {
            "name": "Leg_L",
            "time": [0.0, 5.0],
            "transform": [
                [1.0, 0.0, 1e-06, 0.0, -0.0, 0.877998, 0.478664, 0.37472, -1e-06, -0.478664, 0.877998, -0.0, 0.0, 0.0, 0.0, 1.0],
                [1.0, 0.0, 1e-06, 0.0, -0.0, 0.877998, 0.478664, 0.37472, -1e-06, -0.478664, 0.877998, -0.0, 0.0, 0.0, 0.0, 1.0]
            ]
        },
        {
            "name": "Knee_L",
            "time": [0.0, 5.0],
            "transform": [
                [1.0, 0.0, -1e-06, 0.0, -0.0, 0.0, -1.0, 0.37472, -0.0, 1.0, 0.0, 0.0, 0.0, 0.0, 0.0, 1.0],
                [1.0, 0.0, -1e-06, 0.0, -0.0, 0.0, -1.0, 0.37472, -0.0, 1.0, 0.0, 0.0, 0.0, 0.0, 0.0, 1.0]
            ]
        },
        {
            "name": "Torso",
            "time": [0.0, 0.4167, 1.25, 2.0833, 2.9167, 3.3333, 3.75, 4.1667, 4.375, 4.7083, 5.0],
            "transform": [
                [0.934632, 0.0, 0.355616, 0.0, 0.0, 1.0, 0.0, 0.05, -0.355616, 0.0, 0.934632, 0.0, 0.0, 0.0, 0.0, 1.0],
                [0.801404, -0.046068, 0.596347, 0.0, -0.035671, 0.991574, 0.124537, 0.05, -0.597059, -0.121077, 0.793007, 0.0, 0.0, 0.0, 0.0, 1.0],
                [0.81554, -0.013286, 0.578548, 0.0, -0.031219, 0.997271, 0.066909, 0.05, -0.577857, -0.072629, 0.8129, 0.0, 0.0, 0.0, 0.0, 1.0],
                [0.848552, -0.066403, 0.524929, 0.0, -0.01741, 0.988053, 0.15313, 0.05, -0.528826, -0.139078, 0.837258, 0.0, 0.0, 0.0, 0.0, 1.0],
                [0.885279, -0.018362, 0.464698, 0.0, -0.009407, 0.998309, 0.057368, 0.05, -0.464965, -0.055158, 0.883609, 0.0, 0.0, 0.0, 0.0, 1.0],
                [0.901704, 0.105144, 0.419375, 0.0, -0.004274, 0.972099, -0.234532, 0.05, -0.432334, 0.209686, 0.876995, 0.0, 0.0, 0.0, 0.0, 1.0],
                [0.915574, -0.008432, 0.402061, 0.0, -0.00695, 0.999299, 0.036782, 0.05, -0.402089, -0.036471, 0.914874, 0.0, 0.0, 0.0, 0.0, 1.0],
                [0.925831, -0.054589, 0.373974, 0.0, -0.004768, 0.987748, 0.155986, 0.05, -0.377907, -0.1462, 0.914228, 0.0, 0.0, 0.0, 0.0, 1.0],
                [0.929536, -0.010914, 0.368569, 0.0, -0.003364, 0.999269, 0.038074, 0.05, -0.368715, -0.036631, 0.92882, 0.0, 0.0, 0.0, 0.0, 1.0],
                [0.933442, -0.046575, 0.355691, 0.0, -0.000321, 0.991427, 0.130662, 0.05, -0.358727, -0.12208, 0.925425, 0.0, 0.0, 0.0, 0.0, 1.0],
                [0.934632, 0.0, 0.355616, 0.0, 0.0, 1.0, 0.0, 0.05, -0.355616, 0.0, 0.934632, 0.0, 0.0, 0.0, 0.0, 1.0]
            ]
        },
        {
            "name": "Chest",
            "time": [0.0, 0.8333, 3.3333, 5.0],
            "transform": [
                [0.898985, 0.0, 0.43798, -0.0, 0.0, 1.0, 0.0, 0.3, -0.43798, 0.0, 0.898985, 0.0, 0.0, 0.0, 0.0, 1.0],
                [0.898985, -0.069574, 0.432419, -0.0, 0.0, 0.987302, 0.158852, 0.3, -0.43798, -0.142805, 0.88757, 0.0, 0.0, 0.0, 0.0, 1.0],
                [0.898985, 0.111539, 0.423539, 0.0, 0.0, 0.967029, -0.254666, 0.3, -0.43798, 0.228941, 0.869344, -0.0, 0.0, 0.0, 0.0, 1.0],
                [0.898985, 0.0, 0.43798, -0.0, 0.0, 1.0, 0.0, 0.3, -0.43798, 0.0, 0.898985, 0.0, 0.0, 0.0, 0.0, 1.0]
            ]
        },
        {
            "name": "Head",
            "time": [0.0, 1.0417, 1.875, 2.75, 3.2917, 5.0],
            "transform": [
                [0.977087, 0.0, -0.212838, -0.0, 0.074871, 0.936085, 0.343713, 0.4, 0.199235, -0.351773, 0.914637, -0.0, 0.0, 0.0, 0.0, 1.0],
                [0.780343, -0.001874, -0.625349, -0.0, 0.216098, 0.9392, 0.266844, 0.4, 0.586827, -0.343367, 0.733303, 0.0, 0.0, 0.0, 0.0, 1.0],
                [0.992956, -0.012368, -0.117834, -0.0, 0.049041, 0.948247, 0.313723, 0.4, 0.107856, -0.317292, 0.942175, 0.0, 0.0, 0.0, 0.0, 1.0],
                [0.977087, -0.033212, -0.210231, 0.0, 0.074871, 0.978253, 0.193432, 0.4, 0.199235, -0.204741, 0.958325, 0.0, 0.0, 0.0, 0.0, 1.0],
                [0.977087, -0.130431, -0.168191, -0.0, 0.074871, 0.950352, -0.302036, 0.4, 0.199235, 0.282523, 0.938342, 0.0, 0.0, 0.0, 0.0, 1.0],
                [0.977087, 0.0, -0.212838, -0.0, 0.074871, 0.936085, 0.343713, 0.4, 0.199235, -0.351773, 0.914637, -0.0, 0.0, 0.0, 0.0, 1.0]
            ]
        },
        {
            "name": "Shoulder_R",
            "time": [0.0, 5.0],
            "transform": [
                [0.0, 0.952114, 0.305743, -0.0, 0.0, -0.305743, 0.952114, 0.4, 1.0, -0.0, -0.0, -0.0, 0.0, 0.0, 0.0, 1.0],
                [0.0, 0.952114, 0.305743, -0.0, 0.0, -0.305743, 0.952114, 0.4, 1.0, -0.0, -0.0, -0.0, 0.0, 0.0, 0.0, 1.0]
            ]
        },
        {
            "name": "Arm_R",
            "time": [0.0, 0.8333, 1.125, 1.3333, 1.5417, 1.8333, 2.7083, 2.9167, 3.125, 3.2917, 3.5417, 3.7083, 4.1667, 4.7917, 5.0],