{
    "animation": [
        {
            "name": "Root",
            "time": [0.0, 0.3333, 0.6667, 1.0, 1.3333],
            "transform": [
                [1.0, 0.0, 0.0, -5e-06, 0.0, 0.0, -1.0, 0.000946, 0.0, 1.0, 0.0, 0.581185, 0.0, 0.0, 0.0, 1.0],
                [1.0, 0.0, 0.0, -5e-06, 0.0, 0.0, -1.0, 0.000946, 0.0, 1.0, 0.0, 0.61123, 0.0, 0.0, 0.0, 1.0],
                [1.0, 0.0, 0.0, -5e-06, 0.0, 0.0, -1.0, 0.000946, 0.0, 1.0, 0.0, 0.581185, 0.0, 0.0, 0.0, 1.0],
                [1.0, 0.0, 0.0, -5e-06, 0.0, 0.0, -1.0, 0.000946, 0.0, 1.0, 0.0, 0.61123, 0.0, 0.0, 0.0, 1.0],
                [1.0, 0.0, 0.0, -5e-06, 0.0, 0.0, -1.0, 0.000946, 0.0, 1.0, 0.0, 0.581185, 0.0, 0.0, 0.0, 1.0]
            ]
        },
        {
            "name": "Thigh_R",
            "time": [0.0, 0.3333, 0.5, 0.6667, 0.8333, 1.0, 1.3333],
            "transform": [
                [0.961788, -0.240832, 0.130244, 0.120217, -0.0, -0.4757, -0.879607, -0.002831, 0.273795, 0.845994, -0.457524, 0.034213, 0.0, 0.0, 0.0, 1.0],
                [0.961788, 0.213781, 0.17106, 0.120217, -0.0, -0.62477, 0.780808, -0.002831, 0.273795, -0.75097, -0.600898, 0.034213, 0.0, 0.0, 0.0, 1.0],
                [0.961788, -0.240832, 0.130244, 0.120217, -0.0, -0.4757, -0.879607, -0.002831, 0.273795, 0.845994, -0.457524, 0.034213, 0.0, 0.0, 0.0, 1.0],
                [0.961788, 0.213781, 0.17106, 0.120217, -0.0, -0.62477, 0.780808, -0.002831, 0.273795, -0.75097, -0.600898, 0.034213, 0.0, 0.0, 0.0, 1.0],
                [0.961788, -0.240832, 0.130244, 0.120217, -0.0, -0.4757, -0.879607, -0.002831, 0.273795, 0.845994, -0.457524, 0.034213, 0.0, 0.0, 0.0, 1.0],
                [0.961788, 0.213781, 0.17106, 0.120217, -0.0, -0.62477, 0.780808, -0.002831, 0.273795, -0.75097, -0.600898, 0.034213, 0.0, 0.0, 0.0, 1.0],
                [0.961788, -0.240832, 0.130244, 0.120217, -0.0, -0.4757, -0.879607, -0.002831, 0.273795, 0.845994, -0.457524, 0.034213, 0.0, 0.0, 0.0, 1.0]
            ]
        },
        {
            "name": "Leg_R",
            "time": [0.0, 0.3333, 0.5, 0.6667, 0.8333, 1.0, 1.3333],
            "transform": [
                [1.0, -0.0, 1e-06, 0.0, -0.0, 0.892578, 0.450894, 0.37472, -1e-06, -0.450895, 0.892577, -0.0, 0.0, 0.0, 0.0, 1.0],
                [1.0, -1e-06, 0.0, -0.0, -0.0, -0.097962, 0.99519, 0.37472, -1e-06, -0.995191, -0.097962, 0.0, 0.0, 0.0, 0.0, 1.0],
                [1.0, -0.0, 1e-06, -0.0, -0.0, 0.892578, 0.450894, 0.37472, -1e-06, -0.450895, 0.892577, 0.0, 0.0, 0.0, 0.0, 1.0],
                [1.0, -1e-06, 0.0, -0.0, -0.0, -0.097962, 0.99519, 0.37472, -1e-06, -0.995191, -0.097962, 0.0, 0.0, 0.0, 0.0, 1.0],
                [1.0, -0.0, 1e-06, -0.0, -0.0, 0.892578, 0.450894, 0.37472, -1e-06, -0.450895, 0.892577, 0.0, 0.0, 0.0, 0.0, 1.0],
                [1.0, -1e-06, 0.0, -0.0, -0.0, -0.097962, 0.99519, 0.37472, -1e-06, -0.995191, -0.097962, 0.0, 0.0, 0.0, 0.0, 1.0],
                [1.0, -0.0, 1e-06, 0.0, -0.0, 0.892578, 0.450894, 0.37472, -1e-06, -0.450895, 0.892577, -0.0, 0.0, 0.0, 0.0, 1.0]
            ]
        },
        {
            "name": "Knee_R",
            "time": [0.0, 1.3333],
            "transform": [
                [1.0, 0.0, -0.0, -0.0, -0.0, 1e-06, -1.0, 0.37472, -0.0, 1.0, 1e-06, -0.0, 0.0, 0.0, 0.0, 1.0],
                [1.0, 0.0, -0.0, -0.0, -0.0, 1e-06, -1.0, 0.37472, -0.0, 1.0, 1e-06, -0.0, 0.0, 0.0, 0.0, 1.0]
            ]
        },
        {
            "name": "Thigh_L",
            "time": [0.0, 0.3333, 0.5, 0.6667, 0.8333, 1.0, 1.3333],
            "transform": [
                [0.961787, 0.2456, 0.121014, -0.12023, -0.0, -0.441984, 0.897022, -0.002831, 0.273795, -0.862745, -0.425096, -0.034236, 0.0, 0.0, 0.0, 1.0],
                [0.961788, 0.240832, -0.130245, -0.12023, 0.0, -0.4757, -0.879607, -0.002831, -0.273795, 0.845994, -0.457523, 0.034213, 0.0, 0.0, 0.0, 1.0],
                [0.961787, 0.2456, 0.121014, -0.12023, -0.0, -0.441984, 0.897022, -0.002831, 0.273795, -0.862745, -0.425096, -0.034236, 0.0, 0.0, 0.0, 1.0],
                [0.961788, 0.240832, -0.130245, -0.12023, 0.0, -0.4757, -0.879607, -0.002831, -0.273795, 0.845994, -0.457523, 0.034213, 0.0, 0.0, 0.0, 1.0],
                [0.961787, 0.2456, 0.121014, -0.12023, -0.0, -0.441984, 0.897022, -0.002831, 0.273795, -0.862745, -0.425096, -0.034236, 0.0, 0.0, 0.0, 1.0],
                [0.961788, 0.240832, -0.130245, -0.12023, 0.0, -0.4757, -0.879607, -0.002831, -0.273795, 0.845994, -0.457523, 0.034213, 0.0, 0.0, 0.0, 1.0],
                [0.961787, 0.2456, 0.121014, -0.12023, -0.0, -0.441984, 0.897022, -0.002831, 0.273795, -0.862745, -0.425096, -0.034236, 0.0, 0.0, 0.0, 1.0]
            ]
        },
        {
            "name": "Leg_L",
            "time": [0.0, 0.3333, 0.5, 0.6667, 0.8333, 1.0, 1.3333],
            "transform": [
                [1.0, -1e-06, 0.0, 0.0, -0.0, -0.060478, 0.99817, 0.37472, -1e-06, -0.998169, -0.060478, -0.0, 0.0, 0.0, 0.0, 1.0],
                [1.0, 0.0, 1e-06, 0.0, -0.0, 0.988385, 0.15197, 0.37472, -1e-06, -0.15197, 0.988385, 0.0, 0.0, 0.0, 0.0, 1.0],
                [1.0, -1e-06, 0.0, -0.0, -0.0, -0.060478, 0.99817, 0.37472, -1e-06, -0.998169, -0.060478, 0.0, 0.0, 0.0, 0.0, 1.0],
                [1.0, 0.0, 1e-06, 0.0, -0.0, 0.988385, 0.15197, 0.37472, -1e-06, -0.15197, 0.988385, 0.0, 0.0, 0.0, 0.0, 1.0],
                [1.0, -1e-06, 0.0, -0.0, -0.0, -0.060478, 0.99817, 0.37472, -1e-06, -0.998169, -0.060478, 0.0, 0.0, 0.0, 0.0, 1.0],
                [1.0, 0.0, 1e-06, 0.0, -0.0, 0.988385, 0.15197, 0.37472, -1e-06, -0.15197, 0.988385, 0.0, 0.0, 0.0, 0.0, 1.0],
                [1.0, -1e-06, 0.0, 0.0, -0.0, -0.060478, 0.99817, 0.37472, -1e-06, -0.998169, -0.060478, -0.0, 0.0, 0.0, 0.0, 1.0]
            ]
        },
        {
            "name": "Knee_L",
            "time": [0.0, 1.3333],
            "transform": [
                [1.0, 0.0, -0.0, 0.0, -0.0, 1e-06, -1.0, 0.48472, -0.0, 1.0, 1e-06, -0.0, 0.0, 0.0, 0.0, 1.0],
                [1.0, 0.0, -0.0, 0.0, -0.0, 1e-06, -1.0, 0.48472, -0.0, 1.0, 1e-06, -0.0, 0.0, 0.0, 0.0, 1.0]
            ]
        },
        {
            "name": "Torso",
            "time": [0.0, 0.6667, 1.3333],
            "transform": [
                [0.916955, 0.255739, -0.306252, 0.0, 0.0, 0.767569, 0.640967, 0.05, 0.39899, -0.587738, 0.703826, 0.0, 0.0, 0.0, 0.0, 1.0],
                [0.916955, 0.303831, -0.258611, 0.0, -0.0, 0.648164, 0.761501, 0.05, 0.39899, -0.698262, 0.594338, 0.0, 0.0, 0.0, 0.0, 1.0],
                [0.916955, 0.255739, -0.306252, 0.0, 0.0, 0.767569, 0.640967, 0.05, 0.39899, -0.587738, 0.703826, 0.0, 0.0, 0.0, 0.0, 1.0]
            ]
        },
        {
            "name": "Chest",
            "time": [0.0, 0.6667, 1.3333],
            "transform": [
                [0.989211, -0.144386, -0.024796, 0.0, 0.144386, 0.932225, 0.331827, 0.3, -0.024796, -0.331827, 0.943014, 0.0, 0.0, 0.0, 0.0, 1.0],
                [0.989211, -0.146134, -0.01035, 0.0, 0.144386, 0.960545, 0.237711, 0.3, -0.024796, -0.23664, 0.971281, -0.0, 0.0, 0.0, 0.0, 1.0],
                [0.989211, -0.144386, -0.024796, 0.0, 0.144386, 0.932225, 0.331827, 0.3, -0.024796, -0.331827, 0.943014, 0.0, 0.0, 0.0, 0.0, 1.0]
            ]
        },
        {
            "name": "Head",
            "time": [0.0, 1.3333],
            "transform": [
                [0.951172, -0.006631, 0.30859, -0.0, 0.190792, 0.798527, -0.570923, 0.4, -0.242632, 0.601922, 0.760802, -0.0, 0.0, 0.0, 0.0, 1.0],
                [0.951172, -0.006631, 0.30859, -0.0, 0.190792, 0.798527, -0.570923, 0.4, -0.242632, 0.601922, 0.760802, -0.0, 0.0, 0.0, 0.0, 1.0]
            ]
        },
        {
            "name": "Shoulder_R",
            "time": [0.0, 0.6667, 1.3333],