{
    "animation": [
        {
            "name": "Root",
            "time": [0.0, 0.3333, 0.6667, 1.0, 1.3333],
            "transform": [
                [1.0, 0.0, 0.0, -5e-06, 0.0, 0.0, -1.0, 0.000946, 0.0, 1.0, 0.0, 1.08491, 0.0, 0.0, 0.0, 1.0],
                [1.0, 0.0, 0.0, -5e-06, 0.0, 0.0, -1.0, 0.000946, 0.0, 1.0, 0.0, 0.727254, 0.0, 0.0, 0.0, 1.0],
                [1.0, 0.0, 0.0, -5e-06, 0.0, 0.0, -1.0, 0.000946, 0.0, 1.0, 0.0, 0.900314, 0.0, 0.0, 0.0, 1.0],
                [1.0, 0.0, 0.0, -5e-06, 0.0, 0.0, -1.0, 0.000946, 0.0, 1.0, 0.0, 0.825635, 0.0, 0.0, 0.0, 1.0],
                [1.0, 0.0, 0.0, -5e-06, 0.0, 0.0, -1.0, 0.000946, 0.0, 1.0, 0.0, 1.090414, 0.0, 0.0, 0.0, 1.0]
            ]
        },
        {
            "name": "Thigh_R",
            "time": [0.0, 0.3333, 0.6667, 1.0, 1.3333],
            "transform": [
                [0.811925, -0.485028, -0.324844, 0.101485, -0.160255, -0.720281, 0.674916, -0.022863, -0.561333, -0.495922, -0.662545, -0.070178, 0.0, 0.0, 0.0, 1.0],
                [0.811925, -0.518124, -0.268929, 0.101485, -0.160255, -0.640814, 0.750782, -0.022863, -0.561333, -0.56648, -0.603328, -0.070178, 0.0, 0.0, 0.0, 1.0],
                [0.811925, -0.544801, -0.209683, 0.101485, -0.160255, -0.553409, 0.817347, -0.022863, -0.561333, -0.630021, -0.536636, -0.070178, 0.0, 0.0, 0.0, 1.0],
                [0.811925, -0.518124, -0.268929, 0.101485, -0.160255, -0.640814, 0.750782, -0.022863, -0.561333, -0.566481, -0.603328, -0.070178, 0.0, 0.0, 0.0, 1.0],
                [0.811925, -0.485028, -0.324844, 0.101485, -0.160255, -0.720281, 0.674916, -0.022863, -0.561333, -0.495922, -0.662545, -0.070178, 0.0, 0.0, 0.0, 1.0]
            ]
        },
        {
            "name": "Leg_R",
            "time": [0.0, 0.3333, 0.6667, 1.0, 1.3333],
            "transform": [
                [1.0, -1e-06, 0.0, -0.0, -0.0, -0.065454, 0.997855, 0.37472, -1e-06, -0.997856, -0.065454, 0.0, 0.0, 0.0, 0.0, 1.0],
                [1.0, -1e-06, 0.0, 0.0, -0.0, -0.216114, 0.976367, 0.37472, -1e-06, -0.976369, -0.216113, -0.0, 0.0, 0.0, 0.0, 1.0],
                [1.0, -1e-06, -0.0, 0.0, -0.0, -0.362263, 0.932076, 0.37472, -1e-06, -0.932077, -0.362262, 0.0, 0.0, 0.0, 0.0, 1.0],
                [1.0, -1e-06, 0.0, -0.0, -0.0, -0.216114, 0.976367, 0.37472, -1e-06, -0.976369, -0.216114, -0.0, 0.0, 0.0, 0.0, 1.0],
                [1.0, -1e-06, 0.0, 0.0, -0.0, -0.065454, 0.997855, 0.37472, -1e-06, -0.997856, -0.065454, 0.0, 0.0, 0.0, 0.0, 1.0]
            ]
        },
        {
            "name": "Knee_R",
            "time": [0.0, 0.3333, 0.6667, 1.0, 1.3333],
            "transform": [
                [1.0, 0.0, -0.0, -0.0, -0.0, 1e-06, -1.0, 0.48472, -0.0, 1.0, 1e-06, -0.0, 0.0, 0.0, 0.0, 1.0],
                [1.0, 0.0, -0.0, 0.0, -0.0, 1e-06, -1.0, 0.48472, -0.0, 1.0, 1e-06, -0.0, 0.0, 0.0, 0.0, 1.0],
                [1.0, 0.0, -0.0, -0.0, -0.0, 1e-06, -1.0, 0.48472, -0.0, 1.0, 1e-06, 0.0, 0.0, 0.0, 0.0, 1.0],
                [1.0, 0.0, -0.0, -0.0, -0.0, 1e-06, -1.0, 0.48472, -0.0, 1.0, 1e-06, -0.0, 0.0, 0.0, 0.0, 1.0],
                [1.0, 0.0, -0.0, 0.0, -0.0, 1e-06, -1.0, 0.48472, -0.0, 1.0, 1e-06, -0.0, 0.0, 0.0, 0.0, 1.0]
            ]
        },
        {
            "name": "Thigh_L",
            "time": [0.0, 0.3333, 0.6667, 1.0, 1.3333],
            "transform": [
                [0.765601, -0.270328, -0.58376, -0.101497, -0.471267, -0.853361, -0.222891, 0.017201, -0.437905, 0.445753, -0.780732, 0.070155, 0.0, 0.0, 0.0, 1.0],
                [0.765601, -0.186774, -0.615605, -0.101497, -0.471267, -0.814213, -0.339063, 0.017201, -0.437905, 0.549702, -0.711383, 0.070155, 0.0, 0.0, 0.0, 1.0],
                [0.765601, -0.099612, -0.635556, -0.101497, -0.471267, -0.759334, -0.448685, 0.017201, -0.437905, 0.64303, -0.628291, 0.070155, 0.0, 0.0, 0.0, 1.0],
                [0.765601, -0.186774, -0.615605, -0.101497, -0.471267, -0.814213, -0.339063, 0.017201, -0.437905, 0.549701, -0.711383, 0.070155, 0.0, 0.0, 0.0, 1.0],
                [0.765601, -0.270328, -0.58376, -0.101497, -0.471267, -0.853361, -0.222891, 0.017201, -0.437905, 0.445753, -0.780732, 0.070155, 0.0, 0.0, 0.0, 1.0]
            ]
        },
        {
            "name": "Leg_L",
            "time": [0.0, 0.3333, 0.6667, 1.0, 1.3333],
            "transform": [
                [1.0, 0.0, 1e-06, 0.0, -0.0, 1.0, 0.0, 0.37472, -1e-06, -0.0, 1.0, 0.0, 0.0, 0.0, 0.0, 1.0],
                [1.0, 0.0, 1e-06, 0.0, -0.0, 0.990823, 0.135162, 0.37472, -1e-06, -0.135161, 0.990824, 0.0, 0.0, 0.0, 0.0, 1.0],
                [1.0, 0.0, 1e-06, 0.0, -0.0, 0.963463, 0.267842, 0.37472, -1e-06, -0.267842, 0.963463, 0.0, 0.0, 0.0, 0.0, 1.0],
                [1.0, 0.0, 1e-06, -0.0, -0.0, 0.990823, 0.135162, 0.37472, -1e-06, -0.135161, 0.990824, 0.0, 0.0, 0.0, 0.0, 1.0],
                [1.0, 0.0, 1e-06, 0.0, -0.0, 1.0, 0.0, 0.37472, -1e-06, -0.0, 1.0, 0.0, 0.0, 0.0, 0.0, 1.0]
            ]
        },
        {
            "name": "Knee_L",
            "time": [0.0, 0.3333, 0.6667, 1.0, 1.3333],
            "transform": [
                [1.0, 0.0, -0.0, 0.0, -0.0, 1e-06, -1.0, 0.37472, -0.0, 1.0, 1e-06, 0.0, 0.0, 0.0, 0.0, 1.0],
                [1.0, 0.0, -0.0, 0.0, -0.0, 1e-06, -1.0, 0.37472, -0.0, 1.0, 1e-06, -0.0, 0.0, 0.0, 0.0, 1.0],
                [1.0, 0.0, -0.0, 0.0, -0.0, 1e-06, -1.0, 0.37472, -0.0, 1.0, 1e-06, 0.0, 0.0, 0.0, 0.0, 1.0],
                [1.0, 0.0, -0.0, -0.0, -0.0, 1e-06, -1.0, 0.37472, -0.0, 1.0, 1e-06, -0.0, 0.0, 0.0, 0.0, 1.0],
                [1.0, 0.0, -0.0, 0.0, -0.0, 1e-06, -1.0, 0.37472, -0.0, 1.0, 1e-06, 0.0, 0.0, 0.0, 0.0, 1.0]
            ]
        },
        {
            "name": "Torso",
            "time": [0.0, 0.3333, 0.6667, 1.0, 1.3333],
            "transform": [
                [0.876021, -0.169612, 0.451463, 0.0, 0.0, 0.936116, 0.351693, 0.05, -0.482273, -0.30809, 0.820057, 0.0, 0.0, 0.0, 0.0, 1.0],
                [0.876021, -0.149371, 0.458558, 0.0, 0.0, 0.950827, 0.309724, 0.05, -0.482273, -0.271325, 0.832944, 0.0, 0.0, 0.0, 0.0, 1.0],
                [0.876021, -0.128835, 0.464746, 0.0, 0.0, 0.963657, 0.267142, 0.05, -0.482273, -0.234022, 0.844184, 0.0, 0.0, 0.0, 0.0, 1.0],
                [0.876021, -0.149371, 0.458558, 0.0, 0.0, 0.950827, 0.309724, 0.05, -0.482273, -0.271325, 0.832944, 0.0, 0.0, 0.0, 0.0, 1.0],
                [0.876021, -0.169612, 0.451463, 0.0, 0.0, 0.936116, 0.351693, 0.05, -0.482273, -0.30809, 0.820057, 0.0, 0.0, 0.0, 0.0, 1.0]
            ]
        },
        {
            "name": "Chest",
            "time": [0.0, 0.3333, 0.6667, 1.0, 1.3333],
            "transform": [
                [1.0, -0.0, -0.0, -0.0, 0.0, 0.989893, -0.141815, 0.3, 0.0, 0.141815, 0.989893, 0.0, 0.0, 0.0, 0.0, 1.0],
                [1.0, 0.0, -0.0, 0.0, -0.0, 0.993355, -0.115088, 0.3, 0.0, 0.115088, 0.993355, 0.0, 0.0, 0.0, 0.0, 1.0],
                [1.0, -0.0, 0.0, -0.0, -0.0, 0.996096, -0.088278, 0.3, -0.0, 0.088278, 0.996096, 0.0, 0.0, 0.0, 0.0, 1.0],
                [1.0, 0.0, 0.0, 0.0, -0.0, 0.993355, -0.115088, 0.3, -0.0, 0.115088, 0.993355, -0.0, 0.0, 0.0, 0.0, 1.0],
                [1.0, -0.0, -0.0, -0.0, 0.0, 0.989893, -0.141815, 0.3, 0.0, 0.141815, 0.989893, 0.0, 0.0, 0.0, 0.0, 1.0]
            ]
        },
        {
            "name": "Head",
            "time": [0.0, 0.3333, 0.6667, 1.0, 1.3333],