{
    "animation": [
        {
            "name": "Root",
            "time": [0.0, 0.8333, 1.6667, 2.5, 3.3333],
            "transform": [
                [1.0, 0.0, 0.0, -5e-06, 0.0, 0.0, -1.0, 0.000946, 0.0, 1.0, 0.0, 1.08491, 0.0, 0.0, 0.0, 1.0],
                [1.0, 0.0, 0.0, -5e-06, 0.0, 0.0, -1.0, 0.000946, 0.0, 1.0, 0.0, 1.000223, 0.0, 0.0, 0.0, 1.0],
                [1.0, 0.0, 0.0, -5e-06, 0.0, 0.0, -1.0, 0.000946, 0.0, 1.0, 0.0, 1.203967, 0.0, 0.0, 0.0, 1.0],
                [1.0, 0.0, 0.0, -5e-06, 0.0, 0.0, -1.0, 0.000946, 0.0, 1.0, 0.0, 0.993412, 0.0, 0.0, 0.0, 1.0],
                [1.0, 0.0, 0.0, -5e-06, 0.0, 0.0, -1.0, 0.000946, 0.0, 1.0, 0.0, 1.1059, 0.0, 0.0, 0.0, 1.0]
            ]
        },
        {
            "name": "Thigh_R",
            "time": [0.0, 0.2917, 0.4583, 0.8333, 1.25, 1.6667, 1.8333, 2.0833, 2.375, 2.5, 2.5417, 3.3333],
            "transform": [
                [1.0, -0.0, 0.0, 0.124994, 0.0, -0.899727, 0.43645, -0.002831, 0.0, -0.436449, -0.899729, -1.2e-05, 0.0, 0.0, 0.0, 1.0],
                [1.0, -0.0, 0.0, 0.124994, 0.0, -0.81601, 0.578035, -0.002831, 0.0, -0.578034, -0.816012, -1.2e-05, 0.0, 0.0, 0.0, 1.0],
                [1.0, -0.0, 0.0, 0.124994, 0.0, -0.732424, 0.680848, -0.002831, 0.0, -0.680846, -0.732426, -1.2e-05, 0.0, 0.0, 0.0, 1.0],
                [1.0, -0.0, 0.0, 0.124994, 0.0, -0.858284, 0.513172, -0.002831, 0.0, -0.51317, -0.858286, -1.2e-05, 0.0, 0.0, 0.0, 1.0],
                [1.0, -0.0, -0.0, 0.124994, -0.0, -0.999955, -0.009293, -0.002831, -0.0, 0.009294, -0.999957, -1.2e-05, 0.0, 0.0, 0.0, 1.0],
                [1.0, -0.0, -0.0, 0.124994, -0.0, -0.84468, -0.535269, -0.002831, -0.0, 0.535268, -0.844682, -1.2e-05, 0.0, 0.0, 0.0, 1.0],
                [1.0, -0.0, -0.0, 0.124994, -0.0, -0.802772, -0.596283, -0.002831, -0.0, 0.596283, -0.802774, -1.2e-05, 0.0, 0.0, 0.0, 1.0],
                [1.0, -0.0, -0.0, 0.124994, 0.0, -0.899727, 0.43645, -0.002831, -0.0, -0.436449, -0.899729, -1.2e-05, 0.0, 0.0, 0.0, 1.0],
                [1.0, -0.0, -0.0, 0.124994, 0.0, -0.81601, 0.578035, -0.002831, -0.0, -0.578034, -0.816012, -1.2e-05, 0.0, 0.0, 0.0, 1.0],
                [1.0, -0.0, 0.0, 0.124994, 0.0, -0.742252, 0.670119, -0.002831, -0.0, -0.670117, -0.742254, -1.2e-05, 0.0, 0.0, 0.0, 1.0],
                [1.0, -0.0, 0.0, 0.124994, 0.0, -0.732424, 0.680848, -0.002831, -0.0, -0.680846, -0.732426, -1.2e-05, 0.0, 0.0, 0.0, 1.0],
                [1.0, -0.0, -0.0, 0.124994, 0.0, -0.999955, -0.009293, -0.002831, -0.0, 0.009294, -0.999957, -1.2e-05, 0.0, 0.0, 0.0, 1.0]
            ]
        },
        {
            "name": "Leg_R",
            "time": [0.0, 0.4583, 0.8333, 1.25, 1.6667, 2.0833, 2.5, 2.5417, 3.3333],
            "transform": [
                [1.0, -0.0, 1e-06, 0.0, -0.0, 0.68478, 0.72875, 0.37472, -1e-06, -0.728751, 0.684779, 0.0, 0.0, 0.0, 0.0, 1.0],
                [1.0, -0.0, 1e-06, 0.0, -0.0, 0.920695, 0.390285, 0.37472, -1e-06, -0.390285, 0.920694, -0.0, 0.0, 0.0, 0.0, 1.0],
                [1.0, 0.0, 1e-06, 0.0, -0.0, 0.987997, 0.154476, 0.37472, -1e-06, -0.154476, 0.987996, -0.0, 0.0, 0.0, 0.0, 1.0],
                [1.0, 0.0, 1e-06, 0.0, -0.0, 0.994883, 0.101043, 0.37472, -1e-06, -0.101043, 0.994881, 0.0, 0.0, 0.0, 0.0, 1.0],
                [1.0, -0.0, 1e-06, 0.0, -0.0, 0.896561, 0.442922, 0.37472, -1e-06, -0.442923, 0.896559, 0.0, 0.0, 0.0, 0.0, 1.0],
                [1.0, -0.0, 1e-06, 0.0, -0.0, 0.68478, 0.72875, 0.37472, -1e-06, -0.728751, 0.684779, -0.0, 0.0, 0.0, 0.0, 1.0],
                [1.0, -0.0, 1e-06, 0.0, -0.0, 0.902123, 0.431481, 0.37472, -1e-06, -0.431481, 0.902121, -0.0, 0.0, 0.0, 0.0, 1.0],
                [1.0, -0.0, 1e-06, 0.0, -0.0, 0.920695, 0.390285, 0.37472, -1e-06, -0.390285, 0.920694, -0.0, 0.0, 0.0, 0.0, 1.0],
                [1.0, 0.0, 1e-06, 0.0, -0.0, 0.994883, 0.101043, 0.37472, -1e-06, -0.101043, 0.994881, 0.0, 0.0, 0.0, 0.0, 1.0]
            ]
        },
        {
            "name": "Knee_R",
            "time": [0.0, 0.8333, 1.6667, 2.5, 3.3333],
            "transform": [
                [1.0, 0.0, -0.0, 0.0, -0.0, 1e-06, -1.0, 0.405487, -0.0, 1.0, 1e-06, -0.0, 0.0, 0.0, 0.0, 1.0],
                [1.0, 0.0, -0.0, 0.0, -0.0, 1e-06, -1.0, 0.37472, -0.0, 1.0, 1e-06, -0.0, 0.0, 0.0, 0.0, 1.0],
                [1.0, 0.0, -0.0, -0.0, -0.0, 1e-06, -1.0, 0.37472, -0.0, 1.0, 1e-06, 0.0, 0.0, 0.0, 0.0, 1.0],
                [1.0, 0.0, -0.0, 0.0, -0.0, 1e-06, -1.0, 0.37472, -0.0, 1.0, 1e-06, -0.0, 0.0, 0.0, 0.0, 1.0],
                [1.0, 0.0, -0.0, -0.0, -0.0, 1e-06, -1.0, 0.37472, -0.0, 1.0, 1e-06, 0.0, 0.0, 0.0, 0.0, 1.0]
            ]
        },
        {
            "name": "Thigh_L",
            "time": [0.0, 0.2917, 0.4583, 0.8333, 1.25, 1.6667, 1.8333, 2.375, 2.5, 2.5417, 3.3333],
            "transform": [
                [1.0, -0.0, -0.0, -0.125006, 0.0, -0.899727, 0.43645, -0.002831, -0.0, -0.436449, -0.899729, -1.2e-05, 0.0, 0.0, 0.0, 1.0],
                [1.0, -0.0, -0.0, -0.125006, 0.0, -0.974975, -0.222306, -0.002831, -0.0, 0.222306, -0.974977, -1.2e-05, 0.0, 0.0, 0.0, 1.0],
                [1.0, -0.0, -0.0, -0.125006, 0.0, -0.871346, -0.490665, -0.002831, -0.0, 0.490665, -0.871348, -1.2e-05, 0.0, 0.0, 0.0, 1.0],
                [1.0, -0.0, -0.0, -0.125006, -0.0, -0.998154, 0.060692, -0.002831, -0.0, -0.060691, -0.998157, -1.2e-05, 0.0, 0.0, 0.0, 1.0],
                [1.0, -1e-06, 0.0, -0.125006, -0.0, -0.74232, 0.670044, -0.002831, -0.0, -0.670042, -0.742322, -1.2e-05, 0.0, 0.0, 0.0, 1.0],
                [1.0, -1e-06, 0.0, -0.125006, -0.0, -0.798384, 0.602147, -0.002831, -0.0, -0.602145, -0.798386, -1.2e-05, 0.0, 0.0, 0.0, 1.0],
                [1.0, -1e-06, 0.0, -0.125006, -0.0, -0.85347, 0.521139, -0.002831, -0.0, -0.521138, -0.853472, -1.2e-05, 0.0, 0.0, 0.0, 1.0],
                [1.0, -0.0, 0.0, -0.125006, 0.0, -0.974975, -0.222306, -0.002831, 0.0, 0.222306, -0.974977, -1.2e-05, 0.0, 0.0, 0.0, 1.0],
                [1.0, -0.0, 0.0, -0.125006, 0.0, -0.884967, -0.46565, -0.002831, 0.0, 0.46565, -0.884969, -1.2e-05, 0.0, 0.0, 0.0, 1.0],
                [1.0, -0.0, 0.0, -0.125006, 0.0, -0.871346, -0.490665, -0.002831, 0.0, 0.490665, -0.871348, -1.2e-05, 0.0, 0.0, 0.0, 1.0],
                [1.0, 0.0, 0.0, -0.125006, 0.0, -0.74232, 0.670044, -0.002831, 0.0, -0.670042, -0.742322, -1.2e-05, 0.0, 0.0, 0.0, 1.0]
            ]
        },
        {
            "name": "Leg_L",
            "time": [0.0, 0.2917, 0.4583, 0.8333, 1.25, 1.375, 1.5417, 1.6667, 1.8333, 2.0833, 2.25, 2.5, 3.0417, 3.1667, 3.3333],