{
    "animation": [
        {
            "name": "Root",
            "time": [0.0, 0.25, 1.1667, 1.3333],
            "transform": [
                [1.0, 0.0, 0.0, -5e-06, 0.0, 0.0, -1.0, 0.000946, 0.0, 1.0, 0.0, 0.794458, 0.0, 0.0, 0.0, 1.0],
                [1.0, 0.0, 0.0, -5e-06, 0.0, 0.0, -1.0, 0.000946, 0.0, 1.0, 0.0, 0.794458, 0.0, 0.0, 0.0, 1.0],
                [1.0, 0.0, 0.0, -5e-06, 0.0, 0.0, -1.0, 0.000946, 0.0, 1.0, 0.0, 0.794458, 0.0, 0.0, 0.0, 1.0],
                [1.0, 0.0, 0.0, -5e-06, 0.0, 0.0, -1.0, 0.000946, 0.0, 1.0, 0.0, 0.972324, 0.0, 0.0, 0.0, 1.0]
            ]
        },
        {
            "name": "Thigh_R",
            "time": [0.0, 0.25, 1.1667, 1.25, 1.3333],
            "transform": [
                [0.951776, 0.106569, 0.287689, 0.124994, -0.0, -0.937727, 0.347366, -0.002831, 0.306793, -0.330614, -0.892509, -1.2e-05, 0.0, 0.0, 0.0, 1.0],
                [0.951776, 0.106569, 0.287689, 0.124994, -0.0, -0.937727, 0.347366, -0.002831, 0.306793, -0.330614, -0.892509, -1.2e-05, 0.0, 0.0, 0.0, 1.0],
                [0.75795, 0.248306, 0.603204, 0.124994, -0.137685, -0.842982, 0.520019, -0.002831, 0.637615, -0.4772, -0.604753, -1.2e-05, 0.0, 0.0, 0.0, 1.0],
                [0.752796, 0.251688, 0.608236, 0.124994, -0.141131, -0.840812, 0.522604, -0.002831, 0.642946, -0.479254, -0.59744, -1.2e-05, 0.0, 0.0, 0.0, 1.0],
                [0.752796, 0.251688, 0.608236, 0.124994, -0.141131, -0.840812, 0.522604, -0.002831, 0.642946, -0.479254, -0.59744, -1.2e-05, 0.0, 0.0, 0.0, 1.0]
            ]
        },
        {
            "name": "Leg_R",
            "time": [0.0, 0.25, 1.1667, 1.3333],
            "transform": [
                [1.0, -0.0, 1e-06, 0.0, -0.0, 0.940103, 0.340891, 0.37472, -1e-06, -0.340892, 0.940102, -0.0, 0.0, 0.0, 0.0, 1.0],
                [1.0, -0.0, 1e-06, 0.0, -0.0, 0.940103, 0.340891, 0.37472, -1e-06, -0.340892, 0.940102, -0.0, 0.0, 0.0, 0.0, 1.0],
                [1.0, 0.0, 1e-06, 0.0, -0.0, 0.940103, 0.340891, 0.37472, -1e-06, -0.340892, 0.940102, 0.0, 0.0, 0.0, 0.0, 1.0],
                [1.0, -0.0, 1e-06, 0.0, -0.0, 0.940104, 0.340891, 0.37472, -1e-06, -0.340892, 0.940102, 0.0, 0.0, 0.0, 0.0, 1.0]
            ]
        },
        {
            "name": "Knee_R",
            "time": [0.0, 0.25, 1.1667, 1.3333],
            "transform": [
                [1.0, 0.0, -0.0, 0.0, -0.0, 1e-06, -1.0, 0.37472, -0.0, 1.0, 1e-06, -0.0, 0.0, 0.0, 0.0, 1.0],
                [1.0, 0.0, -0.0, 0.0, -0.0, 1e-06, -1.0, 0.37472, -0.0, 1.0, 1e-06, -0.0, 0.0, 0.0, 0.0, 1.0],
                [1.0, 0.0, -0.0, -0.0, -0.0, 1e-06, -1.0, 0.37472, -0.0, 1.0, 1e-06, 0.0, 0.0, 0.0, 0.0, 1.0],
                [1.0, 0.0, -0.0, 0.0, -0.0, 1e-06, -1.0, 0.37472, -0.0, 1.0, 1e-06, 0.0, 0.0, 0.0, 0.0, 1.0]
            ]
        },
        {
            "name": "Thigh_L",
            "time": [0.0, 0.25, 1.1667, 1.25, 1.3333],
            "transform": [
                [0.951776, -0.106569, -0.287689, -0.125006, 0.0, -0.937727, 0.347366, -0.002831, -0.306793, -0.330614, -0.892509, -1.2e-05, 0.0, 0.0, 0.0, 1.0],
                [0.951776, -0.106569, -0.287689, -0.125006, 0.0, -0.937727, 0.347366, -0.002831, -0.306793, -0.330614, -0.892509, -1.2e-05, 0.0, 0.0, 0.0, 1.0],
                [0.905237, -0.207482, -0.370805, -0.125006, 0.011832, -0.860026, 0.510109, -0.002831, -0.424741, -0.466156, -0.776075, -1.2e-05, 0.0, 0.0, 0.0, 1.0],
                [0.904162, -0.209628, -0.372219, -0.125006, 0.012302, -0.858181, 0.513197, -0.002831, -0.427012, -0.468591, -0.773358, -1.2e-05, 0.0, 0.0, 0.0, 1.0],
                [0.904162, -0.209628, -0.372219, -0.125006, 0.012302, -0.858181, 0.513197, -0.002831, -0.427012, -0.468591, -0.773358, -1.2e-05, 0.0, 0.0, 0.0, 1.0]
            ]
        },
        {
            "name": "Leg_L",
            "time": [0.0, 0.25, 1.1667, 1.3333],
            "transform": [
                [1.0, -0.0, 1e-06, 0.0, -0.0, 0.940103, 0.340891, 0.37472, -1e-06, -0.340892, 0.940102, -0.0, 0.0, 0.0, 0.0, 1.0],
                [1.0, -0.0, 1e-06, 0.0, -0.0, 0.940103, 0.340891, 0.37472, -1e-06, -0.340892, 0.940102, -0.0, 0.0, 0.0, 0.0, 1.0],
                [1.0, -0.0, 1e-06, 0.0, -0.0, 0.940103, 0.340891, 0.37472, -1e-06, -0.340892, 0.940102, 0.0, 0.0, 0.0, 0.0, 1.0],
                [1.0, -0.0, 1e-06, 0.0, -0.0, 0.940104, 0.340891, 0.37472, -1e-06, -0.340892, 0.940102, 0.0, 0.0, 0.0, 0.0, 1.0]
            ]
        },
        {
            "name": "Knee_L",
            "time": [0.0, 0.25, 1.1667, 1.3333],
            "transform": [
                [1.0, 0.0, -0.0, -0.0, -0.0, 1e-06, -1.0, 0.37472, -0.0, 1.0, 1e-06, -0.0, 0.0, 0.0, 0.0, 1.0],
                [1.0, 0.0, -0.0, -0.0, -0.0, 1e-06, -1.0, 0.37472, -0.0, 1.0, 1e-06, -0.0, 0.0, 0.0, 0.0, 1.0],
                [1.0, 0.0, -0.0, 0.0, -0.0, 1e-06, -1.0, 0.37472, -0.0, 1.0, 1e-06, -0.0, 0.0, 0.0, 0.0, 1.0],
                [1.0, 0.0, -0.0, -0.0, -0.0, 1e-06, -1.0, 0.37472, -0.0, 1.0, 1e-06, 0.0, 0.0, 0.0, 0.0, 1.0]
            ]
        },
        {
            "name": "Torso",
            "time": [0.0, 0.25, 1.1667, 1.3333],
            "transform": [
                [1.0, 0.0, 0.0, 0.0, 0.0, 1.0, 0.0, 0.05, 0.0, 0.0, 1.0, 0.0, 0.0, 0.0, 0.0, 1.0],
                [1.0, 0.0, 0.0, 0.0, 0.0, 1.0, 0.0, 0.05, 0.0, 0.0, 1.0, 0.0, 0.0, 0.0, 0.0, 1.0],
                [1.0, 0.0, 0.0, 0.0, 0.0, 1.0, 0.0, 0.05, 0.0, 0.0, 1.0, 0.0, 0.0, 0.0, 0.0, 1.0],
                [1.0, 0.0, 0.0, 0.0, 0.0, 1.0, 0.0, 0.05, 0.0, 0.0, 1.0, 0.0, 0.0, 0.0, 0.0, 1.0]
            ]
        },
        {
            "name": "Chest",
            "time": [0.0, 0.1667, 0.25, 0.5, 0.6667, 0.75, 0.8333, 1.0, 1.1667, 1.3333],
            "transform": [
                [1.0, 0.0, 0.0, 0.0, 0.0, 0.984453, -0.175648, 0.3, 0.0, 0.175648, 0.984453, 0.0, 0.0, 0.0, 0.0, 1.0],
                [0.863206, 0.088676, 0.497003, 0.0, 0.104703, 0.931603, -0.34807, 0.3, -0.493875, 0.352494, 0.794881, 0.0, 0.0, 0.0, 0.0, 1.0],
                [0.742248, 0.088676, -0.664232, 0.0, -0.297797, 0.931603, -0.208404, 0.3, 0.600321, 0.352494, 0.717888, 0.0, 0.0, 0.0, 0.0, 1.0],
                [0.742248, 0.497874, -0.448542, 0.0, -0.297798, 0.84468, 0.444784, 0.3, 0.60032, -0.196566, 0.775227, 0.0, 0.0, 0.0, 0.0, 1.0],
                [0.224424, 0.497874, 0.837708, 0.0, -0.344419, 0.84468, -0.409746, 0.3, -0.911597, -0.196566, 0.361044, 0.0, 0.0, 0.0, 0.0, 1.0],
                [0.187761, 0.241002, 0.952189, 0.0, 0.242958, 0.927909, -0.282765, 0.3, -0.951692, 0.284434, 0.115672, 0.0, 0.0, 0.0, 0.0, 1.0],
                [0.993248, 0.00579, 0.115865, 0.0, 0.031582, 0.947536, -0.318084, 0.3, -0.111628, 0.319595, 0.940956, 0.0, 0.0, 0.0, 0.0, 1.0],
                [1.0, 0.0, 0.0, 0.0, 0.0, 1.0, 0.0, 0.3, 0.0, 0.0, 1.0, 0.0, 0.0, 0.0, 0.0, 1.0],
                [1.0, 0.0, 0.0, 0.0, 0.0, 1.0, 0.0, 0.3, 0.0, 0.0, 1.0, 0.0, 0.0, 0.0, 0.0, 1.0],
                [1.0, 0.0, 0.0, 0.0, 0.0, 1.0, 0.0, 0.3, 0.0, 0.0, 1.0, 0.0, 0.0, 0.0, 0.0, 1.0]
            ]
        },
        {
            "name": "Head",
            "time": [0.0, 0.25, 1.0, 1.1667, 1.3333],
            "transform": [
                [1.0, 0.0, 0.0, 0.0, 0.0, 0.978722, -0.205191, 0.4, 0.0, 0.205191, 0.978722, -0.0, 0.0, 0.0, 0.0, 1.0],
                [0.778149, -0.297034, 0.553402, -0.0, 0.128876, 0.937866, 0.322176, 0.4, -0.614715, -0.179381, 0.768081, 0.0, 0.0, 0.0, 0.0, 1.0],
                [1.0, 0.0, 0.0, 0.0, 0.0, 1.0, 0.0, 0.4, 0.0, 0.0, 1.0, 0.0, 0.0, 0.0, 0.0, 1.0],
                [1.0, 0.0, 0.0, 0.0, 0.0, 1.0, 0.0, 0.4, 0.0, 0.0, 1.0, 0.0, 0.0, 0.0, 0.0, 1.0],
                [1.0, 0.0, 0.0, 0.0, 0.0, 1.0, 0.0, 0.4, 0.0, 0.0, 1.0, 0.0, 0.0, 0.0, 0.0, 1.0]
            ]
        },
        {
            "name": "Shoulder_R",
            "time": [0.0, 0.25, 1.1667, 1.3333],