{
    "animation": [
        {
            "name": "Root",
            "time": [0.0, 1.25, 2.5, 3.75, 5.0],
            "transform": [
                [1.0, 0.0, 0.0, -5e-06, 0.0, 0.0, -1.0, 0.000946, 0.0, 1.0, 0.0, 0.763972, 0.0, 0.0, 0.0, 1.0],
                [1.0, 0.0, 0.0, -5e-06, 0.0, 0.0, -1.0, 0.000946, 0.0, 1.0, 0.0, 0.763972, 0.0, 0.0, 0.0, 1.0],
                [1.0, 0.0, 0.0, -5e-06, 0.0, 0.0, -1.0, 0.000946, 0.0, 1.0, 0.0, 0.763972, 0.0, 0.0, 0.0, 1.0],
                [1.0, 0.0, 0.0, -5e-06, 0.0, 0.0, -1.0, 0.000946, 0.0, 1.0, 0.0, 0.763972, 0.0, 0.0, 0.0, 1.0],
                [1.0, 0.0, 0.0, -5e-06, 0.0, 0.0, -1.0, 0.000946, 0.0, 1.0, 0.0, 0.763972, 0.0, 0.0, 0.0, 1.0]
            ]
        },
        {
            "name": "Thigh_R",
            "time": [0.0, 1.25, 2.5, 3.75, 5.0],
            "transform": [
                [0.999547, -0.0, 0.030068, 0.105536, -0.0, -0.999998, 0.0, -0.002831, 0.030068, 0.0, -0.999548, -0.066989, 0.0, 0.0, 0.0, 1.0],
                [0.999547, -0.0, 0.030068, 0.105536, -0.0, -0.999998, 0.0, -0.002831, 0.030068, 0.0, -0.999548, -0.066989, 0.0, 0.0, 0.0, 1.0],
                [0.999547, -0.0, 0.030068, 0.105536, -0.0, -0.999998, 0.0, -0.002831, 0.030068, 0.0, -0.999548, -0.066989, 0.0, 0.0, 0.0, 1.0],
                [0.999547, -0.0, 0.030068, 0.105536, -0.0, -0.999998, 0.0, -0.002831, 0.030068, 0.0, -0.999548, -0.066989, 0.0, 0.0, 0.0, 1.0],
                [0.999547, -0.0, 0.030068, 0.105536, -0.0, -0.999998, 0.0, -0.002831, 0.030068, 0.0, -0.999548, -0.066989, 0.0, 0.0, 0.0, 1.0]
            ]
        },
        {
            "name": "Leg_R",
            "time": [0.0, 1.25, 2.5, 3.75, 5.0],
            "transform": [
                [1.0, 0.0, 1e-06, 0.0, -0.0, 0.99218, 0.124825, 0.37472, -1e-06, -0.124825, 0.992178, -0.0, 0.0, 0.0, 0.0, 1.0],
                [1.0, 0.0, 1e-06, 0.0, -0.0, 0.99218, 0.124825, 0.37472, -1e-06, -0.124825, 0.992178, -0.0, 0.0, 0.0, 0.0, 1.0],
                [1.0, 0.0, 1e-06, 0.0, -0.0, 0.99218, 0.124825, 0.37472, -1e-06, -0.124825, 0.992178, -0.0, 0.0, 0.0, 0.0, 1.0],
                [1.0, 0.0, 1e-06, 0.0, -0.0, 0.99218, 0.124825, 0.37472, -1e-06, -0.124825, 0.992178, -0.0, 0.0, 0.0, 0.0, 1.0],
                [1.0, 0.0, 1e-06, 0.0, -0.0, 0.99218, 0.124825, 0.37472, -1e-06, -0.124825, 0.992178, -0.0, 0.0, 0.0, 0.0, 1.0]
            ]
        },
        {
            "name": "Knee_R",
            "time": [0.0, 1.25, 2.5, 3.75, 5.0],
            "transform": [
                [1.0, 0.0, -0.0, 0.0, -0.0, 1e-06, -1.0, 0.37472, -0.0, 1.0, 1e-06, 0.0, 0.0, 0.0, 0.0, 1.0],
                [1.0, 0.0, -0.0, 0.0, -0.0, 1e-06, -1.0, 0.37472, -0.0, 1.0, 1e-06, 0.0, 0.0, 0.0, 0.0, 1.0],
                [1.0, 0.0, -0.0, 0.0, -0.0, 1e-06, -1.0, 0.37472, -0.0, 1.0, 1e-06, 0.0, 0.0, 0.0, 0.0, 1.0],
                [1.0, 0.0, -0.0, 0.0, -0.0, 1e-06, -1.0, 0.37472, -0.0, 1.0, 1e-06, 0.0, 0.0, 0.0, 0.0, 1.0],
                [1.0, 0.0, -0.0, 0.0, -0.0, 1e-06, -1.0, 0.37472, -0.0, 1.0, 1e-06, 0.0, 0.0, 0.0, 0.0, 1.0]
            ]
        },
        {
            "name": "Thigh_L",
            "time": [0.0, 1.25, 2.5, 3.75, 5.0],
            "transform": [
                [0.723185, 0.001968, -0.690651, -0.105548, -0.042158, -0.998004, -0.046988, -0.002831, -0.689365, 0.063098, -0.72166, 0.066965, 0.0, 0.0, 0.0, 1.0],
                [0.723185, 0.001968, -0.690651, -0.105548, -0.042158, -0.998004, -0.046988, -0.002831, -0.689365, 0.063098, -0.72166, 0.066965, 0.0, 0.0, 0.0, 1.0],
                [0.723185, 0.001968, -0.690651, -0.105548, -0.042158, -0.998004, -0.046988, -0.002831, -0.689365, 0.063098, -0.72166, 0.066965, 0.0, 0.0, 0.0, 1.0],
                [0.723185, 0.001968, -0.690651, -0.105548, -0.042158, -0.998004, -0.046988, -0.002831, -0.689365, 0.063098, -0.72166, 0.066965, 0.0, 0.0, 0.0, 1.0],
                [0.723185, 0.001968, -0.690651, -0.105548, -0.042158, -0.998004, -0.046988, -0.002831, -0.689365, 0.063098, -0.72166, 0.066965, 0.0, 0.0, 0.0, 1.0]
            ]
        },
        {
            "name": "Leg_L",
            "time": [0.0, 1.25, 2.5, 3.75, 5.0],
            "transform": [
                [1.0, 0.0, 1e-06, 0.0, -0.0, 0.992595, 0.121472, 0.37472, -1e-06, -0.121471, 0.992595, -0.0, 0.0, 0.0, 0.0, 1.0],
                [1.0, 0.0, 1e-06, 0.0, -0.0, 0.992595, 0.121472, 0.37472, -1e-06, -0.121471, 0.992595, -0.0, 0.0, 0.0, 0.0, 1.0],
                [1.0, 0.0, 1e-06, 0.0, -0.0, 0.992595, 0.121472, 0.37472, -1e-06, -0.121471, 0.992595, -0.0, 0.0, 0.0, 0.0, 1.0],
                [1.0, 0.0, 1e-06, 0.0, -0.0, 0.992595, 0.121472, 0.37472, -1e-06, -0.121471, 0.992595, -0.0, 0.0, 0.0, 0.0, 1.0],
                [1.0, 0.0, 1e-06, 0.0, -0.0, 0.992595, 0.121472, 0.37472, -1e-06, -0.121471, 0.992595, -0.0, 0.0, 0.0, 0.0, 1.0]
            ]
        },
        {
            "name": "Knee_L",
            "time": [0.0, 1.25, 2.5, 3.75, 5.0],
            "transform": [
                [1.0, 0.0, -0.0, -0.0, -0.0, 1e-06, -1.0, 0.37472, -0.0, 1.0, 1e-06, -0.0, 0.0, 0.0, 0.0, 1.0],
                [1.0, 0.0, -0.0, -0.0, -0.0, 1e-06, -1.0, 0.37472, -0.0, 1.0, 1e-06, -0.0, 0.0, 0.0, 0.0, 1.0],
                [1.0, 0.0, -0.0, -0.0, -0.0, 1e-06, -1.0, 0.37472, -0.0, 1.0, 1e-06, -0.0, 0.0, 0.0, 0.0, 1.0],
                [1.0, 0.0, -0.0, -0.0, -0.0, 1e-06, -1.0, 0.37472, -0.0, 1.0, 1e-06, -0.0, 0.0, 0.0, 0.0, 1.0],
                [1.0, 0.0, -0.0, -0.0, -0.0, 1e-06, -1.0, 0.37472, -0.0, 1.0, 1e-06, -0.0, 0.0, 0.0, 0.0, 1.0]
            ]
        },
        {
            "name": "Torso",
            "time": [0.0, 1.25, 2.5, 3.75, 5.0],
            "transform": [
                [0.855448, 0.0, 0.517889, 0.0, 0.0, 1.0, 0.0, 0.05, -0.517889, 0.0, 0.855448, 0.0, 0.0, 0.0, 0.0, 1.0],
                [0.855163, 0.025803, 0.517717, 0.0, -0.022073, 0.999667, -0.013363, 0.05, -0.517889, -0.0, 0.855448, 0.0, 0.0, 0.0, 0.0, 1.0],
                [0.855448, 0.0, 0.517889, 0.0, 0.0, 1.0, 0.0, 0.05, -0.517889, 0.0, 0.855448, 0.0, 0.0, 0.0, 0.0, 1.0],
                [0.855163, 0.025803, 0.517717, 0.0, -0.022073, 0.999667, -0.013363, 0.05, -0.517889, -0.0, 0.855448, 0.0, 0.0, 0.0, 0.0, 1.0],
                [0.855448, 0.0, 0.517889, 0.0, 0.0, 1.0, 0.0, 0.05, -0.517889, 0.0, 0.855448, 0.0, 0.0, 0.0, 0.0, 1.0]
            ]
        },
        {
            "name": "Chest",
            "time": [0.0, 1.25, 2.5, 3.75, 5.0],
            "transform": [
                [0.99901, 0.044394, 0.002965, 0.0, -0.044493, 0.996788, 0.066581, 0.3, 0.0, -0.066647, 0.997777, -0.0, 0.0, 0.0, 0.0, 1.0],
                [0.999986, 0.005334, -0.00011, 0.0, -0.005303, 0.995901, 0.090295, 0.3, 0.000591, -0.090294, 0.995915, 0.0, 0.0, 0.0, 0.0, 1.0],
                [0.99901, 0.044394, 0.002965, 0.0, -0.044493, 0.996788, 0.066581, 0.3, 0.0, -0.066647, 0.997777, -0.0, 0.0, 0.0, 0.0, 1.0],
                [0.999986, 0.005334, -0.00011, 0.0, -0.005303, 0.995901, 0.090295, 0.3, 0.000591, -0.090294, 0.995915, 0.0, 0.0, 0.0, 0.0, 1.0],
                [0.99901, 0.044394, 0.002965, 0.0, -0.044493, 0.996788, 0.066581, 0.3, 0.0, -0.066647, 0.997777, -0.0, 0.0, 0.0, 0.0, 1.0]
            ]
        },
        {
            "name": "Head",
            "time": [0.0, 1.25, 2.5, 3.75, 5.0],