{
    "animation": [
        {
            "name": "Root",
            "time": [0.0, 1.25, 7.5],
            "transform": [
                [0.747442, 0.0, -0.664328, -5e-06, -0.664328, 0.0, -0.747442, 0.000946, 0.0, 1.0, 0.0, 0.985339, 0.0, 0.0, 0.0, 1.0],
                [0.747442, 0.0, -0.664328, -5e-06, -0.664328, 0.0, -0.747442, 0.000946, 0.0, 1.0, 0.0, 0.985339, 0.0, 0.0, 0.0, 1.0],
                [0.747442, 0.0, -0.664328, -5e-06, -0.664328, 0.0, -0.747442, 0.000946, 0.0, 1.0, 0.0, 0.985339, 0.0, 0.0, 0.0, 1.0]
            ]
        },
        {
            "name": "Thigh_R",
            "time": [0.0, 1.25, 2.5, 4.7917, 7.5],
            "transform": [
                [0.641377, 0.443961, -0.625727, 0.089753, -0.038933, -0.795684, -0.604458, -0.001488, -0.766237, 0.412046, -0.493049, -0.08638, 0.0, 0.0, 0.0, 1.0],
                [0.633147, 0.557702, -0.536741, 0.088234, 0.152184, -0.769592, -0.620133, 0.022237, -0.758923, 0.310953, -0.57214, -0.08503, 0.0, 0.0, 0.0, 1.0],
                [0.595158, 0.574248, -0.562161, 0.086732, -0.305011, -0.485777, -0.819139, -0.035345, -0.743475, 0.658981, -0.113962, -0.083695, 0.0, 0.0, 0.0, 1.0],
                [0.608184, 0.278632, -0.743287, 0.08683, -0.277495, -0.802661, -0.527948, -0.031613, -0.743712, 0.527347, -0.410848, -0.083782, 0.0, 0.0, 0.0, 1.0],
                [0.641377, 0.443961, -0.625727, 0.089753, -0.038933, -0.795684, -0.604458, -0.001488, -0.766237, 0.412046, -0.493049, -0.08638, 0.0, 0.0, 0.0, 1.0]
            ]
        },
        {
            "name": "Leg_R",
            "time": [0.0, 1.25, 2.5, 4.7917, 7.5],
            "transform": [
                [1.0, -0.0, 1e-06, 0.0, -0.0, 0.922247, 0.386603, 0.37472, -1e-06, -0.386603, 0.922246, -0.0, 0.0, 0.0, 0.0, 1.0],
                [1.0, -0.0, 1e-06, 0.0, -0.0, 0.922247, 0.386603, 0.37472, -1e-06, -0.386603, 0.922246, 0.0, 0.0, 0.0, 0.0, 1.0],
                [1.0, -0.0, 1e-06, 0.0, -0.0, 0.88325, 0.468903, 0.37472, -1e-06, -0.468903, 0.883249, 0.0, 0.0, 0.0, 0.0, 1.0],
                [1.0, -0.0, 1e-06, 0.0, -0.0, 0.68738, 0.726298, 0.37472, -1e-06, -0.726299, 0.687379, -0.0, 0.0, 0.0, 0.0, 1.0],
                [1.0, -0.0, 1e-06, 0.0, -0.0, 0.922247, 0.386603, 0.37472, -1e-06, -0.386603, 0.922246, -0.0, 0.0, 0.0, 0.0, 1.0]
            ]
        },
        {
            "name": "Knee_R",
            "time": [0.0, 1.25, 7.5],
            "transform": [
                [1.0, 0.0, -0.0, 0.0, -0.0, 1e-06, -1.0, 0.37472, -0.0, 1.0, 1e-06, -0.0, 0.0, 0.0, 0.0, 1.0],
                [1.0, 0.0, -0.0, -0.0, -0.0, 1e-06, -1.0, 0.37472, -0.0, 1.0, 1e-06, 0.0, 0.0, 0.0, 0.0, 1.0],
                [1.0, 0.0, -0.0, 0.0, -0.0, 1e-06, -1.0, 0.37472, -0.0, 1.0, 1e-06, -0.0, 0.0, 0.0, 0.0, 1.0]
            ]
        },
        {
            "name": "Thigh_L",
            "time": [0.0, 1.25, 4.7917, 7.5],
            "transform": [
                [0.633294, -0.186031, -0.75122, -0.068983, 0.016314, -0.967254, 0.253282, 0.001336, -0.773739, -0.172657, -0.609522, 0.105434, 0.0, 0.0, 0.0, 1.0],
                [0.617125, -0.046434, -0.785493, -0.067464, 0.206193, -0.95383, 0.218381, -0.022389, -0.759368, -0.296731, -0.579059, 0.104084, 0.0, 0.0, 0.0, 1.0],
                [0.633392, -0.105714, -0.766576, -0.069134, -0.002727, -0.990923, 0.134399, 0.003701, -0.773826, -0.083036, -0.627931, 0.105568, 0.0, 0.0, 0.0, 1.0],
                [0.633294, -0.186031, -0.75122, -0.068983, 0.016314, -0.967254, 0.253282, 0.001336, -0.773739, -0.172657, -0.609522, 0.105434, 0.0, 0.0, 0.0, 1.0]
            ]
        },
        {
            "name": "Leg_L",
            "time": [0.0, 1.25, 4.7917, 7.5],
            "transform": [
                [1.0, -1e-06, 0.0, -0.0, -0.0, -0.252008, 0.967725, 0.37472, -1e-06, -0.967725, -0.252009, -0.0, 0.0, 0.0, 0.0, 1.0],
                [1.0, -1e-06, 0.0, -0.0, -0.0, -0.252009, 0.967725, 0.37472, -1e-06, -0.967725, -0.252009, -0.0, 0.0, 0.0, 0.0, 1.0],
                [1.0, -1e-06, 0.0, -0.0, -0.0, 0.079623, 0.996825, 0.37472, -1e-06, -0.996825, 0.079623, -0.0, 0.0, 0.0, 0.0, 1.0],
                [1.0, -1e-06, 0.0, -0.0, -0.0, -0.252008, 0.967725, 0.37472, -1e-06, -0.967725, -0.252009, -0.0, 0.0, 0.0, 0.0, 1.0]
            ]
        },
        {
            "name": "Knee_L",
            "time": [0.0, 1.25, 7.5],
            "transform": [
                [1.0, 0.0, -0.0, 0.0, -0.0, 1e-06, -1.0, 0.48472, -0.0, 1.0, 1e-06, -0.0, 0.0, 0.0, 0.0, 1.0],
                [1.0, 0.0, -0.0, 0.0, -0.0, 1e-06, -1.0, 0.48472, -0.0, 1.0, 1e-06, -0.0, 0.0, 0.0, 0.0, 1.0],
                [1.0, 0.0, -0.0, 0.0, -0.0, 1e-06, -1.0, 0.48472, -0.0, 1.0, 1e-06, -0.0, 0.0, 0.0, 0.0, 1.0]
            ]
        },
        {
            "name": "Torso",
            "time": [0.0, 1.25, 7.5],
            "transform": [
                [0.683898, -0.576573, 0.447042, 0.0, 0.048976, 0.647641, 0.76037, 0.05, -0.727932, -0.498121, 0.471159, -0.0, 0.0, 0.0, 0.0, 1.0],
                [0.674391, -0.611584, 0.413717, 0.0, 0.103183, 0.632869, 0.767353, 0.05, -0.731129, -0.474807, 0.489906, -0.0, 0.0, 0.0, 0.0, 1.0],
                [0.683898, -0.576573, 0.447042, 0.0, 0.048976, 0.647641, 0.76037, 0.05, -0.727932, -0.498121, 0.471159, -0.0, 0.0, 0.0, 0.0, 1.0]
            ]
        },
        {
            "name": "Chest",
            "time": [0.0, 1.25, 3.5833, 7.5],
            "transform": [
                [0.95005, -0.01184, -0.311873, 0.0, -0.194284, 0.759612, -0.62068, 0.3, 0.244251, 0.650269, 0.719369, -0.0, 0.0, 0.0, 0.0, 1.0],
                [0.95005, -0.01184, -0.311873, -0.0, -0.194284, 0.759612, -0.62068, 0.3, 0.244251, 0.650269, 0.719369, 0.0, 0.0, 0.0, 0.0, 1.0],
                [0.95005, 0.126392, -0.285359, -0.0, -0.194284, 0.955072, -0.223808, 0.3, 0.244251, 0.26807, 0.931923, -0.0, 0.0, 0.0, 0.0, 1.0],
                [0.95005, -0.01184, -0.311873, 0.0, -0.194284, 0.759612, -0.62068, 0.3, 0.244251, 0.650269, 0.719369, -0.0, 0.0, 0.0, 0.0, 1.0]
            ]
        },
        {
            "name": "Head",
            "time": [0.0, 1.25, 3.5833, 7.5],
            "transform": [
                [0.945624, -0.045051, 0.322128, 0.0, -0.034144, 0.971141, 0.236049, 0.4, -0.323466, -0.234212, 0.916796, 0.0, 0.0, 0.0, 0.0, 1.0],
                [0.945624, -0.045051, 0.322128, -0.0, -0.034144, 0.971141, 0.236049, 0.4, -0.323466, -0.234212, 0.916796, 0.0, 0.0, 0.0, 0.0, 1.0],
                [0.945624, 0.125076, 0.300253, -0.0, -0.034144, 0.956181, -0.29078, 0.4, -0.323466, 0.264717, 0.908458, -0.0, 0.0, 0.0, 0.0, 1.0],
                [0.945624, -0.045051, 0.322128, 0.0, -0.034144, 0.971141, 0.236049, 0.4, -0.323466, -0.234212, 0.916796, 0.0, 0.0, 0.0, 0.0, 1.0]
            ]
        },
        {
            "name": "Shoulder_R",
            "time": [0.0, 7.5],
            "transform": [
                [0.0, 0.952114, 0.305743, 0.0, 0.0, -0.305743, 0.952114, 0.4, 1.0, -0.0, -0.0, 0.0, 0.0, 0.0, 0.0, 1.0],
                [0.0, 0.952114, 0.305743, 0.0, 0.0, -0.305743, 0.952114, 0.4, 1.0, -0.0, -0.0, 0.0, 0.0, 0.0, 0.0, 1.0]
            ]
        },
        {
            "name": "Arm_R",
            "time": [0.0, 1.25, 7.5],
            "transform": [
                [0.01333, -0.493643, -0.869562, 0.0, -0.106961, 0.863946, -0.492094, 0.393861, 0.994174, 0.099569, -0.041284, -0.0, 0.0, 0.0, 0.0, 1.0],
                [0.01333, -0.493643, -0.869562, -0.0, -0.106961, 0.863946, -0.492094, 0.39386, 0.994174, 0.099569, -0.041284, -0.0, 0.0, 0.0, 0.0, 1.0],
                [0.01333, -0.493643, -0.869562, 0.0, -0.106961, 0.863946, -0.492094, 0.393861, 0.994174, 0.099569, -0.041284, -0.0, 0.0, 0.0, 0.0, 1.0]
            ]
        },
        {
            "name": "Hand_R",
            "time": [0.0, 1.25, 7.5],